{
  "affine": [
    [
      37,
      2,
      300
    ],
    [
      1.8501139874479793,
      -60,
      3545
    ]
  ],
  "inverse": [
    [
      0.03100426784387066,
      0.0011072559264543435,
      -12.449331965148232
    ],
    [
      0.001290799364399789,
      -0.02245681648051127,
      61.01451456792087
    ]
  ],
  "pixel_bbox": [
    0,
    0,
    513,
    550
  ],
  "bounds_geo": [
    -12.449331965148232,
    49.325445577576765,
    4.064848198307306,
    61.01451456792087
  ]
}
