{
  "affine": [
    [
      32.18755093163958,
      1.5870395769604446,
      303.88105730477736
    ],
    [
      1.8501139874479793,
      -44.43868752228686,
      2734.437630410959
    ]
  ],
  "inverse": [
    [
      0.03100426784387066,
      0.0011072559264543435,
      -12.449331965148232
    ],
    [
      0.001290799364399789,
      -0.02245681648051127,
      61.01451456792087
    ]
  ],
  "pixel_bbox": [
    0,
    0,
    513,
    550
  ],
  "bounds_geo": [
    -12.449331965148232,
    49.325445577576765,
    4.064848198307306,
    61.01451456792087
  ]
}
