{
  "affine": [
    [
      64.86486486486487,
      0.0,
      908.1081081081081
    ],
    [
      0.0,
      -64.86486486486487,
      4015.1351351351354
    ]
  ],
  "inverse": [
    [
      0.015416666666666665,
      0.0,
      -13.999999999999998
    ],
    [
      -0.0,
      -0.015416666666666665,
      61.9
    ]
  ],
  "pixel_bbox": [
    0,
    0,
    1200,
    837
  ],
  "bounds_geo": [
    -14.0,
    49.0,
    4.5,
    61.9
  ]
}
