{
  "affine": [
    [
      54.054054054054056,
      0.0,
      756.7567567567568
    ],
    [
      0.0,
      -54.054054054054056,
      3291.891891891892
    ]
  ],
  "inverse": [
    [
      0.0185,
      0.0,
      -14.0
    ],
    [
      -0.0,
      -0.0185,
      60.9
    ]
  ],
  "pixel_bbox": [
    0,
    0,
    1000,
    600
  ],
  "bounds_geo": [
    -14.0,
    49.8,
    4.5,
    60.9
  ]
}
