{
  "affine": [
    [
      64.86486486486487,
      0.0,
      908.1081081081081
    ],
    [
      0.0,
      -107.78206320794486,
      6563.927649363842
    ]
  ],
  "inverse": [
    [
      0.015416666666666665,
      0.0,
      -13.999999999999998
    ],
    [
      -0.0,
      -0.00927798160692741,
      60.9
    ]
  ],
  "pixel_bbox": [
    0,
    0,
    1200,
    1186
  ],
  "bounds_geo": [
    -14.0,
    49.9,
    4.5,
    60.9
  ]
}
