{
  "affine": [
    [
      54.054054054054056,
      0.0,
      756.7567567567568
    ],
    [
      0.0,
      -54.054054054054056,
      3345.945945945946
    ]
  ],
  "inverse": [
    [
      0.0185,
      0.0,
      -14.0
    ],
    [
      -0.0,
      -0.0185,
      61.89999999999999
    ]
  ],
  "pixel_bbox": [
    0,
    0,
    1000,
    697
  ],
  "bounds_geo": [
    -14.0,
    49.0,
    4.5,
    61.9
  ]
}
